SET SQL_MODE = "NO_AUTO_VALUE_ON_ZERO";
SET time_zone = "+00:00";
CREATE DATABASE IF NOT EXISTS `metex_cucumber` DEFAULT CHARACTER SET utf8 COLLATE utf8_general_ci;
USE `metex_cucumber`;
CREATE TABLE IF NOT EXISTS `images` (`id` int(11) NOT NULL AUTO_INCREMENT, `station_id` int(11) DEFAULT NULL, `place_id` int(11) DEFAULT NULL, `filename` text NOT NULL, `title` text NOT NULL, `alt` text, PRIMARY KEY (`id`)) ENGINE=InnoDB DEFAULT CHARSET=utf8 AUTO_INCREMENT=356;
INSERT INTO `images` (`id`, `station_id`, `place_id`, `filename`, `title`, `alt`) VALUES (1, 9, NULL, '4/9-1.jpg', 'Porte des Lilas - 1', 'Porte des Lilas - 1'), (2, 9, NULL, '4/9-2.jpg', 'Porte des Lilas - 2', 'Porte des Lilas - 2'), (3, 9, NULL, '4/9-3.jpg', 'Porte des Lilas - 3', 'Porte des Lilas - 3'), (4, 10, NULL, '4/10-1.jpg', 'Saint-Fargeau - 1', 'Saint-Fargeau - 1'), (5, 10, NULL, '4/10-2.jpg', 'Saint-Fargeau - 2', 'Saint-Fargeau - 2'), (6, 10, NULL, '4/10-3.jpg', 'Saint-Fargeau - 3', 'Saint-Fargeau - 3'), (7, 11, NULL, '4/11-1.jpg', 'Pelleport - 1', 'Pelleport - 1'), (8, 11, NULL, '4/11-2.jpg', 'Pelleport - 2', 'Pelleport - 2'), (9, 11, NULL, '4/11-3.jpg', 'Pelleport - 3', 'Pelleport - 3'), (10, 12, NULL, '4/12-1.jpg', 'Gambetta - 1', 'Gambetta - 1'), (11, 12, NULL, '4/12-2.jpg', 'Gambetta - 2', 'Gambetta - 2'), (12, 12, NULL, '4/12-3.jpg', 'Gambetta - 3', 'Gambetta - 3'), (13, 1, NULL, '16/1-1.jpg', 'Saint-Lazare - 1', 'Saint-Lazare - 1'), (14, 1, NULL, '16/1-2.jpg', 'Saint-Lazare - 2', 'Saint-Lazare - 2'), (15, 1, NULL, '16/1-3.jpg', 'Saint-Lazare - 3', 'Saint-Lazare - 3'), (16, 2, NULL, '16/2-1.jpg', 'Madeleine - 1', 'Madeleine - 1'), (17, 2, NULL, '16/2-2.jpg', 'Madeleine - 2', 'Madeleine - 2'), (18, 2, NULL, '16/2-3.jpg', 'Madeleine - 3', 'Madeleine - 3'), (19, 3, NULL, '16/3-1.jpg', 'Pyramides - 1', 'Pyramides - 1'), (20, 3, NULL, '16/3-2.jpg', 'Pyramides - 2', 'Pyramides - 2'), (21, 3, NULL, '16/3-3.jpg', 'Pyramides - 3', 'Pyramides - 3'), (22, 4, NULL, '16/4-1.jpg', 'Châtelet - 1', 'Châtelet - 1'), (23, 4, NULL, '16/4-2.jpg', 'Châtelet - 2', 'Châtelet - 2'), (24, 4, NULL, '16/4-3.jpg', 'Châtelet - 3', 'Châtelet - 3'), (25, 5, NULL, '16/5-1.jpg', 'Gare de Lyon - 1', 'Gare de Lyon - 1'), (26, 5, NULL, '16/5-2.jpg', 'Gare de Lyon - 2', 'Gare de Lyon - 2'), (27, 5, NULL, '16/5-3.jpg', 'Gare de Lyon - 3', 'Gare de Lyon - 3'), (28, 6, NULL, '16/6-1.jpg', 'Bercy - 1', 'Bercy - 1'), (29, 6, NULL, '16/6-2.jpg', 'Bercy - 2', 'Bercy - 2'), (30, 6, NULL, '16/6-3.jpg', 'Bercy - 3', 'Bercy - 3'), (31, 7, NULL, '16/7-1.jpg', 'Cour Saint-Émilion - 1', 'Cour Saint-Émilion - 1'), (32, 7, NULL, '16/7-2.jpg', 'Cour Saint-Émilion - 2', 'Cour Saint-Émilion - 2'), (33, 7, NULL, '16/7-3.jpg', 'Cour Saint-Émilion - 3', 'Cour Saint-Émilion - 3'), (34, 8, NULL, '16/8-1.jpg', 'Bibliothèque François Mitterrand - 1', 'Bibliothèque François Mitterrand - 1'), (35, 8, NULL, '16/8-2.jpg', 'Bibliothèque François Mitterrand - 2', 'Bibliothèque François Mitterrand - 2'), (36, 8, NULL, '16/8-3.jpg', 'Bibliothèque François Mitterrand - 3', 'Bibliothèque François Mitterrand - 3'), (37, 13, NULL, '9/13-1.jpg', 'Louis Blanc - 1', 'Louis Blanc - 1'), (38, 13, NULL, '9/13-2.jpg', 'Louis Blanc - 2', 'Louis Blanc - 2'), (39, 14, NULL, '9/14-1.jpg', 'Jaurès - 1', 'Jaurès - 1'), (40, 14, NULL, '9/14-2.jpg', 'Jaurès - 2', 'Jaurès - 2'), (41, 14, NULL, '9/14-3.jpg', 'Jaurès - 3', 'Jaurès - 3'), (42, 15, NULL, '9/15-1.jpg', 'Bolivar - 1', 'Bolivar - 1'), (43, 15, NULL, '9/15-2.jpg', 'Bolivar - 2', 'Bolivar - 2'), (44, 15, NULL, '9/15-3.jpg', 'Bolivar - 3', 'Bolivar - 3'), (45, 16, NULL, '9/16-1.jpg', 'Buttes Chaumont - 1', 'Buttes Chaumont - 1'), (46, 16, NULL, '9/16-2.jpg', 'Buttes Chaumont - 2', 'Buttes Chaumont - 2'), (47, 16, NULL, '9/16-3.jpg', 'Buttes Chaumont - 3', 'Buttes Chaumont - 3'), (48, 17, NULL, '9/17-1.jpg', 'Botzaris - 1', 'Botzaris - 1'), (49, 17, NULL, '9/17-2.jpg', 'Botzaris - 2', 'Botzaris - 2'), (50, 17, NULL, '9/17-3.jpg', 'Botzaris - 3', 'Botzaris - 3'), (51, 18, NULL, '9/18-1.jpg', 'Place des Fêtes - 1', 'Place des Fêtes - 1'), (52, 18, NULL, '9/18-2.jpg', 'Place des Fêtes - 2', 'Place des Fêtes - 2'), (53, 18, NULL, '9/18-3.jpg', 'Place des Fêtes - 3', 'Place des Fêtes - 3'), (54, 19, NULL, '9/19-1.jpg', 'Pré Saint-Gervais - 1', 'Pré Saint-Gervais - 1'), (55, 19, NULL, '9/19-2.jpg', 'Pré Saint-Gervais - 2', 'Pré Saint-Gervais - 2'), (56, 19, NULL, '9/19-3.jpg', 'Pré Saint-Gervais - 3', 'Pré Saint-Gervais - 3'), (57, 20, NULL, '9/20-1.jpg', 'Danube - 1', 'Danube - 1'), (58, 20, NULL, '9/20-2.jpg', 'Danube - 2', 'Danube - 2'), (59, 21, NULL, '3/21-1.jpg', 'Pont de Levallois - Bécon - 1', 'Pont de Levallois - Bécon - 1'), (60, 21, NULL, '3/21-2.jpg', 'Pont de Levallois - Bécon - 2', 'Pont de Levallois - Bécon - 2'), (61, 22, NULL, '3/22-1.jpg', 'Anatole France - 1', 'Anatole France - 1'), (62, 22, NULL, '3/22-2.jpg', 'Anatole France - 2', 'Anatole France - 2'), (63, 22, NULL, '3/22-3.jpg', 'Anatole France - 3', 'Anatole France - 3'), (64, 23, NULL, '3/23-1.jpg', 'Louise Michel - 1', 'Louise Michel - 1'), (65, 23, NULL, '3/23-2.jpg', 'Louise Michel - 2', 'Louise Michel - 2'), (66, 23, NULL, '3/23-3.jpg', 'Louise Michel - 3', 'Louise Michel - 3'), (67, 24, NULL, '3/24-1.jpg', 'Porte de Champerret - 1', 'Porte de Champerret - 1'), (68, 24, NULL, '3/24-2.jpg', 'Porte de Champerret - 2', 'Porte de Champerret - 2'), (69, 24, NULL, '3/24-3.jpg', 'Porte de Champerret - 3', 'Porte de Champerret - 3'), (70, 25, NULL, '3/25-1.jpg', 'Pereire - 1', 'Pereire - 1'), (71, 25, NULL, '3/25-2.jpg', 'Pereire - 2', 'Pereire - 2'), (72, 25, NULL, '3/25-3.jpg', 'Pereire - 3', 'Pereire - 3'), (73, 26, NULL, '3/26-1.jpg', 'Wagram - 1', 'Wagram - 1'), (74, 26, NULL, '3/26-2.jpg', 'Wagram - 2', 'Wagram - 2'), (75, 26, NULL, '3/26-3.jpg', 'Wagram - 3', 'Wagram - 3'), (76, 27, NULL, '3/27-1.jpg', 'Malesherbes - 1', 'Malesherbes - 1'), (77, 27, NULL, '3/27-2.jpg', 'Malesherbes - 2', 'Malesherbes - 2'), (78, 27, NULL, '3/27-3.jpg', 'Malesherbes - 3', 'Malesherbes - 3'), (79, 28, NULL, '3/28-1.jpg', 'Villiers - 1', 'Villiers - 1'), (80, 28, NULL, '3/28-2.jpg', 'Villiers - 2', 'Villiers - 2'), (81, 28, NULL, '3/28-3.jpg', 'Villiers - 3', 'Villiers - 3'), (82, 29, NULL, '3/29-1.jpg', 'Europe - 1', 'Europe - 1'), (83, 29, NULL, '3/29-2.jpg', 'Europe - 2', 'Europe - 2'), (84, 29, NULL, '3/29-3.jpg', 'Europe - 3', 'Europe - 3'), (85, 30, NULL, '3/30-1.jpg', 'Saint-Lazare - 1', 'Saint-Lazare - 1'), (86, 30, NULL, '3/30-2.jpg', 'Saint-Lazare - 2', 'Saint-Lazare - 2'), (87, 31, NULL, '3/31-1.jpg', 'Havre Caumartin - 1', 'Havre Caumartin - 1'), (88, 31, NULL, '3/31-2.jpg', 'Havre Caumartin - 2', 'Havre Caumartin - 2'), (89, 31, NULL, '3/31-3.jpg', 'Havre Caumartin - 3', 'Havre Caumartin - 3'), (90, 32, NULL, '3/32-1.jpg', 'Opéra - 1', 'Opéra - 1'), (91, 32, NULL, '3/32-2.jpg', 'Opéra - 2', 'Opéra - 2'), (92, 32, NULL, '3/32-3.jpg', 'Opéra - 3', 'Opéra - 3'), (93, 33, NULL, '3/33-1.jpg', 'Quatre-Septembre - 1', 'Quatre-Septembre - 1'), (94, 33, NULL, '3/33-2.jpg', 'Quatre-Septembre - 2', 'Quatre-Septembre - 2'), (95, 33, NULL, '3/33-3.jpg', 'Quatre-Septembre - 3', 'Quatre-Septembre - 3'), (96, 34, NULL, '3/34-1.jpg', 'Bourse - 1', 'Bourse - 1'), (97, 34, NULL, '3/34-2.jpg', 'Bourse - 2', 'Bourse - 2'), (98, 34, NULL, '3/34-3.jpg', 'Bourse - 3', 'Bourse - 3'), (99, 35, NULL, '3/35-1.jpg', 'Sentier - 1', 'Sentier - 1'), (100, 35, NULL, '3/35-2.jpg', 'Sentier - 2', 'Sentier - 2'), (101, 35, NULL, '3/35-3.jpg', 'Sentier - 3', 'Sentier - 3'), (102, 36, NULL, '3/36-1.jpg', 'Réaumur - Sébastopol - 1', 'Réaumur - Sébastopol - 1'), (103, 36, NULL, '3/36-2.jpg', 'Réaumur - Sébastopol - 2', 'Réaumur - Sébastopol - 2'), (104, 36, NULL, '3/36-3.jpg', 'Réaumur - Sébastopol - 3', 'Réaumur - Sébastopol - 3'), (105, 37, NULL, '3/37-1.jpg', 'Arts et Métiers - 1', 'Arts et Métiers - 1'), (106, 37, NULL, '3/37-2.jpg', 'Arts et Métiers - 2', 'Arts et Métiers - 2'), (107, 37, NULL, '3/37-3.jpg', 'Arts et Métiers - 3', 'Arts et Métiers - 3'), (108, 38, NULL, '3/38-1.jpg', 'Temple - 1', 'Temple - 1'), (109, 38, NULL, '3/38-2.jpg', 'Temple - 2', 'Temple - 2'), (110, 38, NULL, '3/38-3.jpg', 'Temple - 3', 'Temple - 3'), (111, 39, NULL, '3/39-1.jpg', 'République - 1', 'République - 1'), (112, 39, NULL, '3/39-2.jpg', 'République - 2', 'République - 2'), (113, 39, NULL, '3/39-3.jpg', 'République - 3', 'République - 3'), (114, 40, NULL, '3/40-1.jpg', 'Parmentier - 1', 'Parmentier - 1'), (115, 40, NULL, '3/40-2.jpg', 'Parmentier - 2', 'Parmentier - 2'), (116, 40, NULL, '3/40-3.jpg', 'Parmentier - 3', 'Parmentier - 3'), (117, 41, NULL, '3/41-1.jpg', 'Rue Saint-Maur - 1', 'Rue Saint-Maur - 1'), (118, 41, NULL, '3/41-2.jpg', 'Rue Saint-Maur - 2', 'Rue Saint-Maur - 2'), (119, 41, NULL, '3/41-3.jpg', 'Rue Saint-Maur - 3', 'Rue Saint-Maur - 3'), (120, 42, NULL, '3/42-1.jpg', 'Père Lachaise - 1', 'Père Lachaise - 1'), (121, 42, NULL, '3/42-2.jpg', 'Père Lachaise - 2', 'Père Lachaise - 2'), (122, 42, NULL, '3/42-3.jpg', 'Père Lachaise - 3', 'Père Lachaise - 3'), (123, 43, NULL, '3/43-1.jpg', 'Gambetta - 1', 'Gambetta - 1'), (124, 43, NULL, '3/43-2.jpg', 'Gambetta - 2', 'Gambetta - 2'), (125, 43, NULL, '3/43-3.jpg', 'Gambetta - 3', 'Gambetta - 3'), (126, 44, NULL, '3/44-1.jpg', 'Porte de Bagnolet - 1', 'Porte de Bagnolet - 1'), (127, 44, NULL, '3/44-2.jpg', 'Porte de Bagnolet - 2', 'Porte de Bagnolet - 2'), (128, 44, NULL, '3/44-3.jpg', 'Porte de Bagnolet - 3', 'Porte de Bagnolet - 3'), (129, 45, NULL, '3/45-1.jpg', 'Gallieni - 1', 'Gallieni - 1'), (130, 45, NULL, '3/45-2.jpg', 'Gallieni - 2', 'Gallieni - 2'), (131, 45, NULL, '3/45-3.jpg', 'Gallieni - 3', 'Gallieni - 3'), (132, 46, NULL, '7/46-1.jpg', 'Charles de Gaulle - Étoile - 1', 'Charles de Gaulle - Étoile - 1'), (133, 46, NULL, '7/46-2.jpg', 'Charles de Gaulle - Étoile - 2', 'Charles de Gaulle - Étoile - 2'), (134, 47, NULL, '7/47-1.jpg', 'Kléber - 1', 'Kléber - 1'), (135, 47, NULL, '7/47-2.jpg', 'Kléber - 2', 'Kléber - 2'), (136, 47, NULL, '7/47-3.jpg', 'Kléber - 3', 'Kléber - 3'), (137, 48, NULL, '7/48-1.jpg', 'Boissière - 1', 'Boissière - 1'), (138, 48, NULL, '7/48-2.jpg', 'Boissière - 2', 'Boissière - 2'), (139, 48, NULL, '7/48-3.jpg', 'Boissière - 3', 'Boissière - 3'), (140, 49, NULL, '7/49-1.jpg', 'Trocadéro - 1', 'Trocadéro - 1'), (141, 49, NULL, '7/49-2.jpg', 'Trocadéro - 2', 'Trocadéro - 2'), (142, 49, NULL, '7/49-3.jpg', 'Trocadéro - 3', 'Trocadéro - 3'), (143, 50, NULL, '7/50-1.jpg', 'Passy - 1', 'Passy - 1'), (144, 50, NULL, '7/50-2.jpg', 'Passy - 2', 'Passy - 2'), (145, 50, NULL, '7/50-3.jpg', 'Passy - 3', 'Passy - 3'), (146, 51, NULL, '7/51-1.jpg', 'Bir-Hakeim - 1', 'Bir-Hakeim - 1'), (147, 51, NULL, '7/51-2.jpg', 'Bir-Hakeim - 2', 'Bir-Hakeim - 2'), (148, 51, NULL, '7/51-3.jpg', 'Bir-Hakeim - 3', 'Bir-Hakeim - 3'), (149, 52, NULL, '7/52-1.jpg', 'Dupleix - 1', 'Dupleix - 1'), (150, 52, NULL, '7/52-2.jpg', 'Dupleix - 2', 'Dupleix - 2'), (151, 52, NULL, '7/52-3.jpg', 'Dupleix - 3', 'Dupleix - 3'), (152, 53, NULL, '7/53-1.jpg', 'La Motte-Picquet - Grenelle - 1', 'La Motte-Picquet - Grenelle - 1'), (153, 53, NULL, '7/53-2.jpg', 'La Motte-Picquet - Grenelle - 2', 'La Motte-Picquet - Grenelle - 2'), (154, 53, NULL, '7/53-3.jpg', 'La Motte-Picquet - Grenelle - 3', 'La Motte-Picquet - Grenelle - 3'), (155, 54, NULL, '7/54-1.jpg', 'Cambronne - 1', 'Cambronne - 1'), (156, 54, NULL, '7/54-2.jpg', 'Cambronne - 2', 'Cambronne - 2'), (157, 54, NULL, '7/54-3.jpg', 'Cambronne - 3', 'Cambronne - 3'), (158, 55, NULL, '7/55-1.jpg', 'Sèvres-Lecourbe - 1', 'Sèvres-Lecourbe - 1'), (159, 55, NULL, '7/55-2.jpg', 'Sèvres-Lecourbe - 2', 'Sèvres-Lecourbe - 2'), (160, 55, NULL, '7/55-3.jpg', 'Sèvres-Lecourbe - 3', 'Sèvres-Lecourbe - 3'), (161, 56, NULL, '7/56-1.jpg', 'Pasteur - 1', 'Pasteur - 1'), (162, 56, NULL, '7/56-2.jpg', 'Pasteur - 2', 'Pasteur - 2'), (163, 56, NULL, '7/56-3.jpg', 'Pasteur - 3', 'Pasteur - 3'), (164, 57, NULL, '7/57-1.jpg', 'Montparnasse - Bienvenüe - 1', 'Montparnasse - Bienvenüe - 1'), (165, 57, NULL, '7/57-2.jpg', 'Montparnasse - Bienvenüe - 2', 'Montparnasse - Bienvenüe - 2'), (166, 58, NULL, '7/58-1.jpg', 'Edgar Quinet - 1', 'Edgar Quinet - 1'), (167, 58, NULL, '7/58-2.jpg', 'Edgar Quinet - 2', 'Edgar Quinet - 2'), (168, 58, NULL, '7/58-3.jpg', 'Edgar Quinet - 3', 'Edgar Quinet - 3'), (169, 59, NULL, '7/59-1.jpg', 'Raspail - 1', 'Raspail - 1'), (170, 59, NULL, '7/59-2.jpg', 'Raspail - 2', 'Raspail - 2'), (171, 59, NULL, '7/59-3.jpg', 'Raspail - 3', 'Raspail - 3'), (172, 60, NULL, '7/60-1.jpg', 'Denfert-Rochereau - 1', 'Denfert-Rochereau - 1'), (173, 60, NULL, '7/60-2.jpg', 'Denfert-Rochereau - 2', 'Denfert-Rochereau - 2'), (174, 61, NULL, '7/61-1.jpg', 'Saint-Jaques - 1', 'Saint-Jaques - 1'), (175, 61, NULL, '7/61-2.jpg', 'Saint-Jaques - 2', 'Saint-Jaques - 2'), (176, 61, NULL, '7/61-3.jpg', 'Saint-Jaques - 3', 'Saint-Jaques - 3'), (177, 62, NULL, '7/62-1.jpg', 'Glacière - 1', 'Glacière - 1'), (178, 62, NULL, '7/62-2.jpg', 'Glacière - 2', 'Glacière - 2'), (179, 62, NULL, '7/62-3.jpg', 'Glacière - 3', 'Glacière - 3'), (180, 63, NULL, '7/63-1.jpg', 'Corvisart - 1', 'Corvisart - 1'), (181, 63, NULL, '7/63-2.jpg', 'Corvisart - 2', 'Corvisart - 2'), (182, 63, NULL, '7/63-3.jpg', 'Corvisart - 3', 'Corvisart - 3'), (183, 64, NULL, '7/64-1.jpg', 'Place d''Italie - 1', 'Place d''Italie - 1'), (184, 64, NULL, '7/64-2.jpg', 'Place d''Italie - 2', 'Place d''Italie - 2'), (185, 64, NULL, '7/64-3.jpg', 'Place d''Italie - 3', 'Place d''Italie - 3'), (186, 65, NULL, '7/65-1.jpg', 'Nationale - 1', 'Nationale - 1'), (187, 65, NULL, '7/65-2.jpg', 'Nationale - 2', 'Nationale - 2'), (188, 65, NULL, '7/65-3.jpg', 'Nationale - 3', 'Nationale - 3'), (189, 66, NULL, '7/66-1.jpg', 'Chevaleret - 1', 'Chevaleret - 1'), (190, 66, NULL, '7/66-2.jpg', 'Chevaleret - 2', 'Chevaleret - 2'), (191, 66, NULL, '7/66-3.jpg', 'Chevaleret - 3', 'Chevaleret - 3'), (192, 67, NULL, '7/67-1.jpg', 'Quai de la Gare - 1', 'Quai de la Gare - 1'), (193, 67, NULL, '7/67-2.jpg', 'Quai de la Gare - 2', 'Quai de la Gare - 2'), (194, 67, NULL, '7/67-3.jpg', 'Quai de la Gare - 3', 'Quai de la Gare - 3'), (195, 68, NULL, '7/68-1.jpg', 'Bercy - 1', 'Bercy - 1'), (196, 68, NULL, '7/68-2.jpg', 'Bercy - 2', 'Bercy - 2'), (197, 68, NULL, '7/68-3.jpg', 'Bercy - 3', 'Bercy - 3'), (198, 69, NULL, '7/69-1.jpg', 'Dugommier - 1', 'Dugommier - 1'), (199, 69, NULL, '7/69-2.jpg', 'Dugommier - 2', 'Dugommier - 2'), (200, 69, NULL, '7/69-3.jpg', 'Dugommier - 3', 'Dugommier - 3'), (201, 70, NULL, '7/70-1.jpg', 'Daumesnil - 1', 'Daumesnil - 1'), (202, 70, NULL, '7/70-2.jpg', 'Daumesnil - 2', 'Daumesnil - 2'), (203, 70, NULL, '7/70-3.jpg', 'Daumesnil - 3', 'Daumesnil - 3'), (204, 71, NULL, '7/71-1.jpg', 'Bel-Air - 1', 'Bel-Air - 1'), (205, 71, NULL, '7/71-2.jpg', 'Bel-Air - 2', 'Bel-Air - 2'), (206, 71, NULL, '7/71-3.jpg', 'Bel-Air - 3', 'Bel-Air - 3'), (207, 72, NULL, '7/72-1.jpg', 'Picpus - 1', 'Picpus - 1'), (208, 72, NULL, '7/72-2.jpg', 'Picpus - 2', 'Picpus - 2'), (209, 72, NULL, '7/72-3.jpg', 'Picpus - 3', 'Picpus - 3'), (210, 73, NULL, '7/73-1.jpg', 'Nation - 1', 'Nation - 1'), (211, 73, NULL, '7/73-2.jpg', 'Nation - 2', 'Nation - 2'), (212, 73, NULL, '7/73-3.jpg', 'Nation - 3', 'Nation - 3'), (213, 74, NULL, '12/74-1.jpg', 'Boulogne - Pont de Saint-Cloud - 1', 'Boulogne - Pont de Saint-Cloud - 1'), (214, 74, NULL, '12/74-2.jpg', 'Boulogne - Pont de Saint-Cloud - 2', 'Boulogne - Pont de Saint-Cloud - 2'), (215, 74, NULL, '12/74-3.jpg', 'Boulogne - Pont de Saint-Cloud - 3', 'Boulogne - Pont de Saint-Cloud - 3'), (216, 75, NULL, '12/75-1.jpg', 'Boulogne - Jean Jaurès - 1', 'Boulogne - Jean Jaurès - 1'), (217, 75, NULL, '12/75-2.jpg', 'Boulogne - Jean Jaurès - 2', 'Boulogne - Jean Jaurès - 2'), (218, 75, NULL, '12/75-3.jpg', 'Boulogne - Jean Jaurès - 3', 'Boulogne - Jean Jaurès - 3'), (219, 76, NULL, '12/76-1.jpg', 'Michel-Ange - Molitor - 1', 'Michel-Ange - Molitor - 1'), (220, 76, NULL, '12/76-2.jpg', 'Michel-Ange - Molitor - 2', 'Michel-Ange - Molitor - 2'), (221, 76, NULL, '12/76-3.jpg', 'Michel-Ange - Molitor - 3', 'Michel-Ange - Molitor - 3'), (222, 77, NULL, '12/77-1.jpg', 'Chardon Lagache - 1', 'Chardon Lagache - 1'), (223, 77, NULL, '12/77-2.jpg', 'Chardon Lagache - 2', 'Chardon Lagache - 2'), (224, 77, NULL, '12/77-3.jpg', 'Chardon Lagache - 3', 'Chardon Lagache - 3'), (225, 78, NULL, '12/78-1.jpg', 'Mirabeau - 1', 'Mirabeau - 1'), (226, 78, NULL, '12/78-2.jpg', 'Mirabeau - 2', 'Mirabeau - 2'), (227, 78, NULL, '12/78-3.jpg', 'Mirabeau - 3', 'Mirabeau - 3'), (228, 79, NULL, '12/79-1.jpg', 'Javel - André Citroën - 1', 'Javel - André Citroën - 1'), (229, 79, NULL, '12/79-2.jpg', 'Javel - André Citroën - 2', 'Javel - André Citroën - 2'), (230, 79, NULL, '12/79-3.jpg', 'Javel - André Citroën - 3', 'Javel - André Citroën - 3'), (231, 80, NULL, '12/80-1.jpg', 'Charles Michel - 1', 'Charles Michel - 1'), (232, 80, NULL, '12/80-2.jpg', 'Charles Michel - 2', 'Charles Michel - 2'), (233, 80, NULL, '12/80-3.jpg', 'Charles Michel - 3', 'Charles Michel - 3'), (234, 81, NULL, '12/81-1.jpg', 'Avenue Émile Zola - 1', 'Avenue Émile Zola - 1'), (235, 81, NULL, '12/81-2.jpg', 'Avenue Émile Zola - 2', 'Avenue Émile Zola - 2'), (236, 82, NULL, '12/82-1.jpg', 'La Motte-Picquet - Grenelle - 1', 'La Motte-Picquet - Grenelle - 1'), (237, 82, NULL, '12/82-2.jpg', 'La Motte-Picquet - Grenelle - 2', 'La Motte-Picquet - Grenelle - 2'), (238, 82, NULL, '12/82-3.jpg', 'La Motte-Picquet - Grenelle - 3', 'La Motte-Picquet - Grenelle - 3'), (239, 83, NULL, '12/83-1.jpg', 'Ségur - 1', 'Ségur - 1'), (240, 83, NULL, '12/83-2.jpg', 'Ségur - 2', 'Ségur - 2'), (241, 83, NULL, '12/83-3.jpg', 'Ségur - 3', 'Ségur - 3'), (242, 84, NULL, '12/84-1.jpg', 'Duroc - 1', 'Duroc - 1'), (243, 84, NULL, '12/84-2.jpg', 'Duroc - 2', 'Duroc - 2'), (244, 84, NULL, '12/84-3.jpg', 'Duroc - 3', 'Duroc - 3'), (245, 85, NULL, '12/85-1.jpg', 'Vaneau - 1', 'Vaneau - 1'), (246, 85, NULL, '12/85-2.jpg', 'Vaneau - 2', 'Vaneau - 2'), (247, 85, NULL, '12/85-3.jpg', 'Vaneau - 3', 'Vaneau - 3'), (248, 86, NULL, '12/86-1.jpg', 'Sèvres - Babylone - 1', 'Sèvres - Babylone - 1'), (249, 86, NULL, '12/86-2.jpg', 'Sèvres - Babylone - 2', 'Sèvres - Babylone - 2'), (250, 87, NULL, '12/87-1.jpg', 'Mabillon - 1', 'Mabillon - 1'), (251, 87, NULL, '12/87-2.jpg', 'Mabillon - 2', 'Mabillon - 2'), (252, 88, NULL, '12/88-1.jpg', 'Odéon - 1', 'Odéon - 1'), (253, 88, NULL, '12/88-2.jpg', 'Odéon - 2', 'Odéon - 2'), (254, 89, NULL, '12/89-1.jpg', 'Cluny - La Sorbonne - 1', 'Cluny - La Sorbonne - 1'), (255, 89, NULL, '12/89-2.jpg', 'Cluny - La Sorbonne - 2', 'Cluny - La Sorbonne - 2'), (256, 89, NULL, '12/89-3.jpg', 'Cluny - La Sorbonne - 3', 'Cluny - La Sorbonne - 3'), (257, 90, NULL, '12/90-1.jpg', 'Maubert - Mutualité - 1', 'Maubert - Mutualité - 1'), (258, 90, NULL, '12/90-2.jpg', 'Maubert - Mutualité - 2', 'Maubert - Mutualité - 2'), (259, 91, NULL, '12/91-1.jpg', 'Cardinale Lemoine - 1', 'Cardinale Lemoine - 1'), (260, 91, NULL, '12/91-2.jpg', 'Cardinale Lemoine - 2', 'Cardinale Lemoine - 2'), (261, 91, NULL, '12/91-3.jpg', 'Cardinale Lemoine - 3', 'Cardinale Lemoine - 3'), (262, 92, NULL, '12/92-1.jpg', 'Jussieu - 1', 'Jussieu - 1'), (263, 92, NULL, '12/92-2.jpg', 'Jussieu - 2', 'Jussieu - 2'), (264, 92, NULL, '12/92-3.jpg', 'Jussieu - 3', 'Jussieu - 3'), (265, 93, NULL, '12/93-1.jpg', 'Gare d''Austerlitz - 1', 'Gare d''Austerlitz - 1'), (266, 93, NULL, '12/93-2.jpg', 'Gare d''Austerlitz - 2', 'Gare d''Austerlitz - 2'), (267, 93, NULL, '12/93-3.jpg', 'Gare d''Austerlitz - 3', 'Gare d''Austerlitz - 3'), (268, 94, NULL, '12/94-1.jpg', 'Église d''Auteuil - 1', 'Église d''Auteuil - 1'), (269, 94, NULL, '12/94-2.jpg', 'Église d''Auteuil - 2', 'Église d''Auteuil - 2'), (270, 94, NULL, '12/94-3.jpg', 'Église d''Auteuil - 3', 'Église d''Auteuil - 3'), (271, 95, NULL, '12/95-1.jpg', 'Michel-Ange - Auteuil - 1', 'Michel-Ange - Auteuil - 1'), (272, 95, NULL, '12/95-2.jpg', 'Michel-Ange - Auteuil - 2', 'Michel-Ange - Auteuil - 2'), (273, 95, NULL, '12/95-3.jpg', 'Michel-Ange - Auteuil - 3', 'Michel-Ange - Auteuil - 3'), (274, 96, NULL, '12/96-1.jpg', 'Porte d''Auteuil - 1', 'Porte d''Auteuil - 1'), (275, 96, NULL, '12/96-2.jpg', 'Porte d''Auteuil - 2', 'Porte d''Auteuil - 2'), (276, 96, NULL, '12/96-3.jpg', 'Porte d''Auteuil - 3', 'Porte d''Auteuil - 3'), (277, 97, NULL, '14/97-1.jpg', 'Porte de la Chapelle - 1', 'Porte de la Chapelle - 1'), (278, 97, NULL, '14/97-2.jpg', 'Porte de la Chapelle - 2', 'Porte de la Chapelle - 2'), (279, 97, NULL, '14/97-3.jpg', 'Porte de la Chapelle - 3', 'Porte de la Chapelle - 3'), (280, 98, NULL, '14/98-1.jpg', 'Marx Dormoy - 1', 'Marx Dormoy - 1'), (281, 98, NULL, '14/98-2.jpg', 'Marx Dormoy - 2', 'Marx Dormoy - 2'), (282, 98, NULL, '14/98-3.jpg', 'Marx Dormoy - 3', 'Marx Dormoy - 3'), (283, 99, NULL, '14/99-1.jpg', 'Marcadet-Poissonniers - 1', 'Marcadet-Poissonniers - 1'), (284, 99, NULL, '14/99-2.jpg', 'Marcadet-Poissonniers - 2', 'Marcadet-Poissonniers - 2'), (285, 99, NULL, '14/99-3.jpg', 'Marcadet-Poissonniers - 3', 'Marcadet-Poissonniers - 3'), (286, 100, NULL, '14/100-1.jpg', 'Jules Joffrin - 1', 'Jules Joffrin - 1'), (287, 100, NULL, '14/100-2.jpg', 'Jules Joffrin - 2', 'Jules Joffrin - 2'), (288, 100, NULL, '14/100-3.jpg', 'Jules Joffrin - 3', 'Jules Joffrin - 3'), (289, 101, NULL, '14/101-1.jpg', 'Lamarck - Caulaincourt - 1', 'Lamarck - Caulaincourt - 1'), (290, 101, NULL, '14/101-2.jpg', 'Lamarck - Caulaincourt - 2', 'Lamarck - Caulaincourt - 2'), (291, 101, NULL, '14/101-3.jpg', 'Lamarck - Caulaincourt - 3', 'Lamarck - Caulaincourt - 3'), (292, 102, NULL, '14/102-1.jpg', 'Abbesses - 1', 'Abbesses - 1'), (293, 102, NULL, '14/102-2.jpg', 'Abbesses - 2', 'Abbesses - 2'), (294, 102, NULL, '14/102-3.jpg', 'Abbesses - 3', 'Abbesses - 3'), (295, 103, NULL, '14/103-1.jpg', 'Pigalle - 1', 'Pigalle - 1'), (296, 103, NULL, '14/103-2.jpg', 'Pigalle - 2', 'Pigalle - 2'), (297, 103, NULL, '14/103-3.jpg', 'Pigalle - 3', 'Pigalle - 3'), (298, 104, NULL, '14/104-1.jpg', 'Saint-Georges - 1', 'Saint-Georges - 1'), (299, 104, NULL, '14/104-2.jpg', 'Saint-Georges - 2', 'Saint-Georges - 2'), (300, 104, NULL, '14/104-3.jpg', 'Saint-Georges - 3', 'Saint-Georges - 3'), (301, 105, NULL, '14/105-1.jpg', 'Notre-Dame-de-Lorette - 1', 'Notre-Dame-de-Lorette - 1'), (302, 105, NULL, '14/105-2.jpg', 'Notre-Dame-de-Lorette - 2', 'Notre-Dame-de-Lorette - 2'), (303, 105, NULL, '14/105-3.jpg', 'Notre-Dame-de-Lorette - 3', 'Notre-Dame-de-Lorette - 3'), (304, 106, NULL, '14/106-1.jpg', 'Trinité - d''Estienne d''Orves - 1', 'Trinité - d''Estienne d''Orves - 1'), (305, 106, NULL, '14/106-2.jpg', 'Trinité - d''Estienne d''Orves - 2', 'Trinité - d''Estienne d''Orves - 2'), (306, 106, NULL, '14/106-3.jpg', 'Trinité - d''Estienne d''Orves - 3', 'Trinité - d''Estienne d''Orves - 3'), (307, 107, NULL, '14/107-1.jpg', 'Saint-Lazare - 1', 'Saint-Lazare - 1'), (308, 107, NULL, '14/107-2.jpg', 'Saint-Lazare - 2', 'Saint-Lazare - 2'), (309, 107, NULL, '14/107-3.jpg', 'Saint-Lazare - 3', 'Saint-Lazare - 3'), (310, 108, NULL, '14/108-1.jpg', 'Madeleine - 1', 'Madeleine - 1'), (311, 108, NULL, '14/108-2.jpg', 'Madeleine - 2', 'Madeleine - 2'), (312, 108, NULL, '14/108-3.jpg', 'Madeleine - 3', 'Madeleine - 3'), (313, 109, NULL, '14/109-1.jpg', 'Concorde - 1', 'Concorde - 1'), (314, 109, NULL, '14/109-2.jpg', 'Concorde - 2', 'Concorde - 2'), (315, 109, NULL, '14/109-3.jpg', 'Concorde - 3', 'Concorde - 3'), (316, 110, NULL, '14/110-1.jpg', 'Assemblée Nationale - 1', 'Assemblée Nationale - 1'), (317, 110, NULL, '14/110-2.jpg', 'Assemblée Nationale - 2', 'Assemblée Nationale - 2'), (318, 110, NULL, '14/110-3.jpg', 'Assemblée Nationale - 3', 'Assemblée Nationale - 3'), (319, 111, NULL, '14/111-1.jpg', 'Solférino - 1', 'Solférino - 1'), (320, 111, NULL, '14/111-2.jpg', 'Solférino - 2', 'Solférino - 2'), (321, 111, NULL, '14/111-3.jpg', 'Solférino - 3', 'Solférino - 3'), (322, 112, NULL, '14/112-1.jpg', 'Rue du Bac - 1', 'Rue du Bac - 1'), (323, 112, NULL, '14/112-2.jpg', 'Rue du Bac - 2', 'Rue du Bac - 2'), (324, 113, NULL, '14/113-1.jpg', 'Sèvres - Babylone - 1', 'Sèvres - Babylone - 1'), (325, 113, NULL, '14/113-2.jpg', 'Sèvres - Babylone - 2', 'Sèvres - Babylone - 2'), (326, 113, NULL, '14/113-3.jpg', 'Sèvres - Babylone - 3', 'Sèvres - Babylone - 3'), (327, 114, NULL, '14/114-1.jpg', 'Rennes - 1', 'Rennes - 1'), (328, 114, NULL, '14/114-2.jpg', 'Rennes - 2', 'Rennes - 2'), (329, 114, NULL, '14/114-3.jpg', 'Rennes - 3', 'Rennes - 3'), (330, 115, NULL, '14/115-1.jpg', 'Notre-Dame-des-Champs - 1', 'Notre-Dame-des-Champs - 1'), (331, 115, NULL, '14/115-2.jpg', 'Notre-Dame-des-Champs - 2', 'Notre-Dame-des-Champs - 2'), (332, 115, NULL, '14/115-3.jpg', 'Notre-Dame-des-Champs - 3', 'Notre-Dame-des-Champs - 3'), (333, 116, NULL, '14/116-1.jpg', 'Montparnasse - Bienvenüe - 1', 'Montparnasse - Bienvenüe - 1'), (334, 116, NULL, '14/116-2.jpg', 'Montparnasse - Bienvenüe - 2', 'Montparnasse - Bienvenüe - 2'), (335, 117, NULL, '14/117-1.jpg', 'Falguière - 1', 'Falguière - 1'), (336, 117, NULL, '14/117-2.jpg', 'Falguière - 2', 'Falguière - 2'), (337, 117, NULL, '14/117-3.jpg', 'Falguière - 3', 'Falguière - 3'), (338, 118, NULL, '14/118-1.jpg', 'Pasteur - 1', 'Pasteur - 1'), (339, 118, NULL, '14/118-2.jpg', 'Pasteur - 2', 'Pasteur - 2'), (340, 118, NULL, '14/118-3.jpg', 'Pasteur - 3', 'Pasteur - 3'), (341, 119, NULL, '14/119-1.jpg', 'Volontaires - 1', 'Volontaires - 1'), (342, 119, NULL, '14/119-2.jpg', 'Volontaires - 2', 'Volontaires - 2'), (343, 120, NULL, '14/120-1.jpg', 'Vaugirard - 1', 'Vaugirard - 1'), (344, 120, NULL, '14/120-2.jpg', 'Vaugirard - 2', 'Vaugirard - 2'), (345, 121, NULL, '14/121-1.jpg', 'Convention - 1', 'Convention - 1'), (346, 121, NULL, '14/121-2.jpg', 'Convention - 2', 'Convention - 2'), (347, 122, NULL, '14/122-1.jpg', 'Porte de Versailles - 1', 'Porte de Versailles - 1'), (348, 122, NULL, '14/122-2.jpg', 'Porte de Versailles - 2', 'Porte de Versailles - 2'), (349, 122, NULL, '14/122-3.jpg', 'Porte de Versailles - 3', 'Porte de Versailles - 3'), (350, 123, NULL, '14/123-1.jpg', 'Corentin Celton - 1', 'Corentin Celton - 1'), (351, 123, NULL, '14/123-2.jpg', 'Corentin Celton - 2', 'Corentin Celton - 2'), (352, 123, NULL, '14/123-3.jpg', 'Corentin Celton - 3', 'Corentin Celton - 3'), (353, 124, NULL, '14/124-1.jpg', 'Mairie d''Issy - 1', 'Mairie d''Issy - 1'), (354, 124, NULL, '14/124-2.jpg', 'Mairie d''Issy - 2', 'Mairie d''Issy - 2'), (355, 124, NULL, '14/124-3.jpg', 'Mairie d''Issy - 3', 'Mairie d''Issy - 3'), (356, NULL, 1, '16/1-4.jpg', 'Saint-Lazare station - 1', 'Saint-Lazare station - 1'), (357, NULL, 1, '16/1-5.jpg', 'Saint-Lazare station - 2', 'Saint-Lazare station - 2'), (358, NULL, 1, '16/1-6.jpg', 'Saint-Lazare station - 3', 'Saint-Lazare station - 3'), (359, NULL, 1, '16/1-7.jpg', 'Saint-Lazare station - 4', 'Saint-Lazare station - 4'), (360, NULL, 1, '16/1-8.jpg', 'Saint-Lazare station - 5', 'Saint-Lazare station - 5'), (361, NULL, 1, '16/1-9.jpg', 'Saint-Lazare station - 6', 'Saint-Lazare station - 6'), (362, NULL, 2, '4/12-4.jpg', 'Old running tunnels, Gambetta - 1', 'Old running tunnels, Gambetta - 1'), (363, NULL, 3, '4/12-5.jpg', 'Gambetta station - 1', 'Gambetta station - 1'), (364, NULL, 4, '9/16-4.jpg', 'Buttes Chaumont station - 1', 'Buttes Chaumont station - 1'), (365, NULL, 5, '3/40-4.jpg', 'Parmentier station - 1', 'Parmentier station - 1'), (366, NULL, 2, '3/43-4.jpg', 'Old running tunnels, Gambetta - 2', 'Old running tunnels, Gambetta - 2'), (367, NULL, 2, '3/43-5.jpg', 'Old running tunnels, Gambetta - 3', 'Old running tunnels, Gambetta - 3'), (368, NULL, 2, '3/43-6.jpg', 'Old running tunnels, Gambetta - 4', 'Old running tunnels, Gambetta - 4'), (369, NULL, 6, '7/51-4.jpg', 'Bir-Hakeim bridge - 1', 'Bir-Hakeim bridge - 1'), (370, NULL, 6, '7/51-5.jpg', 'Bir-Hakeim bridge - 2', 'Bir-Hakeim bridge - 2'), (371, NULL, 7, '7/56-4.jpg', 'Pasteur station - 1', 'Pasteur station - 1'), (372, NULL, 8, '7/61-4.jpg', 'Saint-Jaques station - 1', 'Saint-Jaques station - 1'), (373, NULL, 8, '7/61-5.jpg', 'Saint-Jaques station - 2', 'Saint-Jaques station - 2'), (374, NULL, 8, '7/61-6.jpg', 'Saint-Jaques station - 3', 'Saint-Jaques station - 3'), (375, NULL, 9, '7/73-4.jpg', 'Rue de Lagny level crossing - 1', 'Rue de Lagny level crossing - 1'), (376, NULL, 9, '7/73-5.jpg', 'Rue de Lagny level crossing - 2', 'Rue de Lagny level crossing - 2'), (377, NULL, 10, '12/96-4.jpg', 'Porte d''Auteuil station - 1', 'Porte d''Auteuil station - 1'), (378, NULL, 11, '12/85-4.jpg', 'Vaneau station - 1', 'Vaneau station - 1'), (379, NULL, 12, '14/97-4.jpg', 'Porte de la Chapelle station - 1', 'Porte de la Chapelle station - 1'), (380, NULL, 13, '14/102-4.jpg', 'Abbesses station - 1', 'Abbesses station - 1'), (381, NULL, 14, '14/109-4.jpg', 'Concorde station - 1', 'Concorde station - 1');
CREATE TABLE IF NOT EXISTS `interchanges` (`id` int(11) NOT NULL AUTO_INCREMENT, `name` tinytext, PRIMARY KEY (`id`)) ENGINE=InnoDB DEFAULT CHARSET=utf8 AUTO_INCREMENT=9;
INSERT INTO `interchanges` (`id`, `name`) VALUES (1, 'Haussmann Saint-Lazare'), (2, 'Madeleine'), (3, 'Bercy'), (4, 'Gambetta'), (5, 'La Motte Picquet Grenelle'), (6, 'Pasteur'), (7, 'Montparnasse Bienvenüe'), (8, 'Sèvres Babylone');
CREATE TABLE IF NOT EXISTS `lines` (`id` int(11) NOT NULL AUTO_INCREMENT, `name` varchar(5) NOT NULL, `colour` char(6) NOT NULL, `stock_id` int(11) NOT NULL, `description` text, `active` tinyint(1) NOT NULL, PRIMARY KEY (`id`)) ENGINE=InnoDB DEFAULT CHARSET=utf8 AUTO_INCREMENT=17;
INSERT INTO `lines` (`id`, `name`, `colour`, `stock_id`, `description`, `active`) VALUES (1, '1', '000000', 0, NULL, 0), (2, '2', '000000', 0, NULL, 0), (3, '3', 'A18D3E', 0, 'Line 3 was opened in 1904, from Villiers to Père Lachaise. It was also the first line to incorporate new safety features designed after the Couronnes Fire on Line 2. Nowadays it crosses the city from left to right, from Pont de Levallois to Gallieni. It currently uses refurbished MF67 stock.', 1), (4, '3bis', '57BFCD', 0, 'Line 3bis used to be part of Line 3 before 1971. It was then decided to cut Line 3bis into a small branch line to improve the overall performance of Line 3. It is the shortest line on the network, just over 1km long, and requires just two trains of MF67 stock in off-peak duty.', 1), (5, '4', '000000', 0, NULL, 0), (6, '5', '000000', 0, NULL, 0), (7, '6', '70BB8D', 0, 'Line 6 is probably one of the network''s most interesting lines. Much of it is overground, and there is a lot that can be seen from its imposing viaducts. Line 6 was envisaged to be a circular line along with Line 2 - which is why they start and end at the same stations. It was in fact originally called Line 2 Sud. Line 6 also uses rubber-tyred MP73 stock, which gives improved grip and noise reduction on the open-air section.', 1), (8, '7', '000000', 0, NULL, 0), (9, '7bis', '70BB8D', 0, 'Line 7bis was originally part of Line 7 before 1967, to improve service on the main line. It is the second-shortest line after Line 3bis, but it is also one of the most interesting. It cuts through the Buttes-Chaumont area of Paris deep underground, passing through enormous caverns left behind by old gypsum mines. It currently uses MF88 stock, which is strangely more modern than the stock used on most other lines.', 1), (10, '8', '000000', 0, NULL, 0), (11, '9', '000000', 0, NULL, 0), (12, '10', 'DAA53C', 0, 'Line 10 is the only "main" line that does not have Automatic Train Operation (ATO) fitted. This is because it has always been an under-used line, so such an expense has never been thought plausible. It does however serve an important role in connecting Gare d''Austerlitz to several RER stations, and does feature some very interesting stations. It now uses MF67 stock.', 1), (13, '11', '000000', 0, NULL, 0), (14, '12', '138B5C', 0, 'Line 12 was not originally owned by the CMP (Compagnie du chemin de fer Métropolitain de Paris), but by the Nord-Sud company, who had their own separate style from the CMP. This line therefore presents some very different and unique stations along its long route. It is an important line because it connect Montmartre in the north with Montparnasse in the south. It now uses MF67 stock.', 1), (15, '13', '000000', 0, NULL, 0), (16, '14', '5F3590', 0, 'Line 14 was also known as Météor (MÉTro Est-Ouest Rapide) during its recent construction. Originally planned to open in 1998 for the World Cup, it did open in 1998 - but in October. It is the most modern line on the network, and possibly the most technologically advanced in Europe. All MP89-stock trains are totally automatic, and no staff is needed anywhere on the train or on the platforms. The architecture on this line is also stunning.', 1);
CREATE TABLE IF NOT EXISTS `movements` (`id` int(11) NOT NULL AUTO_INCREMENT, `up_station_id` int(11) DEFAULT NULL, `down_station_id` int(11) DEFAULT NULL, `up_allowed` tinyint(1) NOT NULL, `down_allowed` tinyint(1) NOT NULL, `length` tinyint(3) unsigned DEFAULT NULL, PRIMARY KEY (`id`)) ENGINE=InnoDB DEFAULT CHARSET=utf8 AUTO_INCREMENT=134;
INSERT INTO `movements` (`id`, `up_station_id`, `down_station_id`, `up_allowed`, `down_allowed`, `length`) VALUES (1, NULL, 1, 0, 0, NULL), (2, 1, 2, 1, 1, NULL), (3, 2, 3, 1, 1, NULL), (4, 3, 4, 1, 1, NULL), (5, 4, 5, 1, 1, NULL), (6, 5, 6, 1, 1, NULL), (7, 6, 7, 1, 1, NULL), (8, 7, 8, 1, 1, NULL), (9, 8, NULL, 0, 0, NULL), (10, NULL, 9, 0, 0, NULL), (11, 9, 10, 1, 1, NULL), (12, 10, 11, 1, 1, NULL), (13, 11, 12, 1, 1, NULL), (14, 12, NULL, 0, 0, NULL), (15, NULL, 13, 0, 0, NULL), (16, 13, 14, 1, 1, NULL), (17, 14, 15, 1, 1, NULL), (18, 15, 16, 1, 1, NULL), (19, 16, 17, 1, 1, NULL), (20, 17, 18, 0, 1, NULL), (21, 18, 19, 0, 1, NULL), (22, 20, 19, 1, 0, NULL), (23, 17, 20, 1, 0, NULL), (24, NULL, 21, 0, 0, NULL), (25, 21, 22, 1, 1, NULL), (26, 22, 23, 1, 1, NULL), (27, 23, 24, 1, 1, NULL), (28, 24, 25, 1, 1, NULL), (29, 25, 26, 1, 1, NULL), (30, 26, 27, 1, 1, NULL), (31, 27, 28, 1, 1, NULL), (32, 28, 29, 1, 1, NULL), (33, 29, 30, 1, 1, NULL), (34, 30, 31, 1, 1, NULL), (35, 31, 32, 1, 1, NULL), (36, 32, 33, 1, 1, NULL), (37, 33, 34, 1, 1, NULL), (38, 34, 35, 1, 1, NULL), (39, 35, 36, 1, 1, NULL), (40, 36, 37, 1, 1, NULL), (41, 37, 38, 1, 1, NULL), (42, 38, 39, 1, 1, NULL), (43, 39, 40, 1, 1, NULL), (44, 40, 41, 1, 1, NULL), (45, 41, 42, 1, 1, NULL), (46, 42, 43, 1, 1, NULL), (47, 43, 44, 1, 1, NULL), (48, 44, 45, 1, 1, NULL), (49, 45, NULL, 0, 0, NULL), (50, NULL, 46, 0, 0, NULL), (51, 46, 47, 1, 1, NULL), (52, 47, 48, 1, 1, NULL), (53, 48, 49, 1, 1, NULL), (54, 49, 50, 1, 1, NULL), (55, 50, 51, 1, 1, NULL), (56, 51, 52, 1, 1, NULL), (57, 52, 53, 1, 1, NULL), (58, 53, 54, 1, 1, NULL), (59, 54, 55, 1, 1, NULL), (60, 55, 56, 1, 1, NULL), (61, 56, 57, 1, 1, NULL), (62, 57, 58, 1, 1, NULL), (63, 58, 59, 1, 1, NULL), (64, 59, 60, 1, 1, NULL), (65, 60, 61, 1, 1, NULL), (66, 61, 62, 1, 1, NULL), (67, 62, 63, 1, 1, NULL), (68, 63, 64, 1, 1, NULL), (69, 64, 65, 1, 1, NULL), (70, 65, 66, 1, 1, NULL), (71, 66, 67, 1, 1, NULL), (72, 67, 68, 1, 1, NULL), (73, 68, 69, 1, 1, NULL), (74, 69, 70, 1, 1, NULL), (75, 70, 71, 1, 1, NULL), (76, 71, 72, 1, 1, NULL), (77, 72, 73, 1, 1, NULL), (78, 73, NULL, 0, 0, NULL), (79, NULL, 74, 0, 0, NULL), (80, 74, 75, 1, 1, NULL), (81, 75, 76, 0, 1, NULL), (82, 76, 77, 0, 1, NULL), (83, 77, 78, 0, 1, NULL), (84, 78, 79, 0, 1, NULL), (85, 94, 79, 1, 0, NULL), (86, 95, 94, 1, 0, NULL), (87, 96, 95, 1, 0, NULL), (88, 75, 96, 1, 0, NULL), (89, 79, 80, 1, 1, NULL), (90, 80, 81, 1, 1, NULL), (91, 81, 82, 1, 1, NULL), (92, 82, 83, 1, 1, NULL), (93, 83, 84, 1, 1, NULL), (94, 84, 85, 1, 1, NULL), (95, 85, 86, 1, 1, NULL), (96, 86, 87, 1, 1, NULL), (97, 87, 88, 1, 1, NULL), (98, 88, 89, 1, 1, NULL), (99, 89, 90, 1, 1, NULL), (100, 90, 91, 1, 1, NULL), (101, 91, 92, 1, 1, NULL), (102, 92, 93, 1, 1, NULL), (103, 93, NULL, 0, 0, NULL), (104, 19, NULL, 0, 0, NULL), (105, NULL, 124, 0, 0, NULL), (106, 124, 123, 1, 1, NULL), (107, 123, 122, 1, 1, NULL), (108, 122, 121, 1, 1, NULL), (109, 121, 120, 1, 1, NULL), (110, 120, 119, 1, 1, NULL), (111, 119, 118, 1, 1, NULL), (112, 118, 117, 1, 1, NULL), (113, 117, 116, 1, 1, NULL), (114, 116, 115, 1, 1, NULL), (115, 115, 114, 1, 1, NULL), (116, 114, 113, 1, 1, NULL), (117, 113, 112, 1, 1, NULL), (118, 112, 111, 1, 1, NULL), (119, 111, 110, 1, 1, NULL), (120, 110, 109, 1, 1, NULL), (121, 109, 108, 1, 1, NULL), (122, 108, 107, 1, 1, NULL), (123, 107, 106, 1, 1, NULL), (124, 106, 105, 1, 1, NULL), (125, 105, 104, 1, 1, NULL), (126, 104, 103, 1, 1, NULL), (127, 103, 102, 1, 1, NULL), (128, 102, 101, 1, 1, NULL), (129, 101, 100, 1, 1, NULL), (130, 100, 99, 1, 1, NULL), (131, 99, 98, 1, 1, NULL), (132, 98, 97, 1, 1, NULL), (133, 97, NULL, 0, 0, NULL), (905, NULL, 991, 0, 0, NULL), (906, 991, 992, 1, 1, NULL), (907, 992, 995, 1, 1, NULL), (908, 995, 996, 1, 1, NULL), (909, NULL, 993, 0, 0, NULL), (910, 993, 994, 1, 1, NULL), (911, 994, 995, 1, 1, NULL), (912, 996, NULL, 0, 0, NULL);
CREATE TABLE IF NOT EXISTS `places` (`id` int(11) NOT NULL AUTO_INCREMENT, `name` text NOT NULL, `description` text NOT NULL, PRIMARY KEY (`id`)) ENGINE=InnoDB DEFAULT CHARSET=utf8 AUTO_INCREMENT=1;
INSERT INTO `places` (`id`, `name`, `description`) VALUES (1, 'Saint-Lazare station', 'Saint-Lazare is the newest station on an already new line, and as such it features very modern and futuristic architecture. The new extension features a large mezzanine floor with an imposing frosted-glass roof, letting natural light stream into the station. The platforms are also easily observed from this level. The floor of this mezzanine features a clock, which shows the time through strips of lights embedded in it. It is quite probable though that the vast majority of commuters who come through this station every day have never noticed it!'), (2, 'Old running tunnels, Gambetta', 'Here you can see one of the two old running tunnels, now used to connect the Line 3bis platforms to the Line 3 ones. It is very clear where Line 3 used to run. The old station of Gambetta is now Line 3bis''s station, and although no connection exists anymore in these tunnels, the tunnels themselves are still there.'), (3, 'Gambetta station', 'Here we can see the new-style entrance. The lamps just above the steps are a throwback to the old style of station entrances, but the logo and railings are both new.'), (4, 'Buttes Chaumont station', 'The entrance to Buttes Chaumont is one of the original 1920s ones, which - back then - was a rather modern design!'), (5, 'Parmentier station', '"A potato, a potato... my kingdom for a potato!" - is probably not what the figures in this statue are saying, but after all this is a station dedicated to the humble potato!'), (6, 'Bir-Hakeim bridge', 'The Eiffel Tower is clearly visible from trains crossing the Seine here, although the elevated station of Bir-Hakeim is a good 5-10 minutes walk away.'), (7, 'Pasteur station', 'A Hector Guimard entrance. This is not one of the more famous "canopy" types, but it is still has a "protected" status hanging over it, as do all existing Guimard entrances.'), (8, 'Saint-Jaques station', 'The wall of the station are clearly visible, and for good reason - the local residents said so! This station is also unique as it features the ticket hall and entrance at street level.'), (9, 'Rue de Lagny level crossing', 'This is the only publically-accessible level crossing on the entire Paris Metro. It is located in Rue de Lagny, 20 minutes walk away from Nation. It is however rarely used. It leads to the Rue de Lagny depot.'), (10, 'Porte d''Auteuil station', 'A 1920s-style Métro entrance, suitably placed to blend in with the surroundings.'), (11, 'Vaneau station', 'Vaneau''s entrance is pure 1920s - elegant and unintrusive.'), (12, 'Porte de la Chapelle station', 'A very modern entrance for a relatively recent expansion.'), (13, 'Abbesses station', 'Although a very well-preserved example of a Hector Guimard canopy entrance, it is completely out of place here. Not only does this canopy originally belong to Hotel de Ville, but it is also at an ex-Nord-Sud station. Guimard was never employed by the Nord-Sud company.'), (14, 'Concorde station', 'As the whole station is a word game, here is a section of the wall for you to work out. It is quite simple to pick out the words and form the phrases of the Rights Of Man and the Citizen.');
CREATE TABLE IF NOT EXISTS `places_stations` (`place_id` int(11) NOT NULL, `station_id` int(11) NOT NULL) ENGINE=InnoDB DEFAULT CHARSET=utf8;
INSERT INTO `places_stations` (`place_id`, `station_id`) VALUES (1, 1), (2, 12), (2, 43), (3, 12), (3, 43), (4, 16), (5, 40), (6, 51), (7, 56), (7, 118), (8, 61), (9, 73), (10, 96), (11, 85), (12, 97), (13, 102), (14, 109);
CREATE TABLE IF NOT EXISTS `stations` (`id` int(11) NOT NULL AUTO_INCREMENT, `name` tinytext NOT NULL, `line_id` int(11) NOT NULL,   `description` text, `interchange_id` int(11) DEFAULT NULL, `active` tinyint(1) NOT NULL, PRIMARY KEY (`id`)) ENGINE=InnoDB  DEFAULT CHARSET=utf8 AUTO_INCREMENT=125;
INSERT INTO `stations` (`id`, `name`, `line_id`, `description`, `interchange_id`, `active`) VALUES (1, 'Saint-Lazare', 16, 'The Line 14 extension of Saint-Lazare opened to the public on the 16th of December, 2003. By providing a direct link from Gare de Lyon and Châtelet-Les Halles, it has helped to relieve traffic elsewhere on the network. This is currently the northern terminus, but plans are underway to expand northwards, replacing part of the current Line 13.', 1, 1), (2, 'Madeleine', 16, 'Madeleine was the original terminus of Line 14 when it first opened, as financial constraints meant the extension had to be delayed. As with most other stations on this line, Madeleine is a busy interchange station serving the famous church, designed to celebrate Napoleon''s army.', 2, 1), (3, 'Pyramides', 16, 'Situated halfway between the Opéra and the Louvre. Pyramide''s design is almost identical to the other stations on Line 14, but here we can take a closer look at the general design. It seems that "curves" are the order of the day, with the tracks concealed within large metal hoops, and the lighting following the direction of the stairs.', 0, 1), (4, 'Châtelet', 16, 'Combined with the RER station of Châtelet-Les Halles, this is the biggest station on the network. Châtelet is already home to lines 1, 4, 7 and 11, and the vast underground complex is daunting for even the most seasoned traveller. Thankfully the Line 14 platforms are modern, new, and clean - unlike most of the rest of the station! Also note the taller ceiling and overall grander scale of the station.', 0, 1), (5, 'Gare de Lyon', 16, 'The only station on Line 14 to feature a 9m-wide island platform, instead of two 6m-wide platforms for each direction. Because of this, this station has a very different air. It feels a lot busier since there are more people on the same platform. Also, this station is unique in the sense that it sports its own rainforest, just by the southbound side of the platform. Tropical storms are even programmed every two hours, making this a very pleasant and green station!', 0, 1), (6, 'Bercy', 16, 'Bercy is a rather important station in that is serves not only the nearby train station, but also the Palais Omnisports de Paris - a very large and important stadium. One interesting feature of this station is the bare rock platform-ends - almost like Roman ruins showcased inside a metro station!', 3, 1), (7, 'Cour Saint-Émilion', 16, 'This station''s original name was Dijon during the planning stages, and is the only station on the line to not offer any connections to any other line. This station serves the nearby Bercy Village.', 0, 1), (8, 'Bibliothèque François Mitterrand', 16, 'This station was built concurrently with the redevelopment of the area (the ZAC de Tolbiac) and the nearby National Library, and as such it was built to impress. The station''s vault can only be described as "grand", with huge pillars supporting the roof. All along the Platform Edge Doors are short excerpts and quotations from famous books and authors, to further reinforce the links with the Library. This station also serves as an interchange to RER Line C, and the entrance to this area is something similar to an ancient Roman ampitheatre. In essence, there is not one thing about this station that is not grand!', 0, 1), (9, 'Porte des Lilas', 4, 'When this station opened on the 27th of November 1921, it became the new terminus of Line 3, the previous one being Gambetta. The current station was however rebuilt, and only one of the lines leaving the station passes my the old station. This line is the "Voie des Fêtes", connecting Line 3bis to Line 7bis via the never-opened station Haxo.', 0, 1), (10, 'Saint-Fargeau', 4, 'Built deep underground, this is one of the few stations with lift-only access to the surface.', 0, 1), (11, 'Pelleport', 4, 'This section of line was turned into a new line because of very low usage - it was therefore decided to create a through service to Gallieni. Even now, Line 3bis is the shortest and least-used line on the network.', 0, 1), (12, 'Gambetta', 4, 'The tunnel-like nature of this station is a give-away as to its old use: the running tunnels for the old Line 3 when it ran through Gambetta to Porte des Lilas. You can read more on the evolution of this station on the Line 3 page for Gambetta.', 4, 1), (13, 'Louis Blanc', 9, 'Much like Line 3bis, this station used to provide a through service to Pré Saint-Gervais. Line 7bis became a line unto itself in 1967, and when this happened, the platform arrangement changed in a radical way. One set of platforms caters for Line 7 Eastbound and Line 7bis Departures, the other for Line 7 Westbound and Line 7bis Arrivals. Once a train arrives at the Arrival platform, it reverses onto the "Z" siding, then runs into the Departure platform to pick up passengers. The driver at the other end then takes the train out towards Pré Saint-Gervais.', 0, 1), (14, 'Jaurès', 9, 'This station remains in original CMP condition, and as can be seen, it is in a rather sorry state. Although the station itself has not been modernised, it has received a name change: before 1914 this station was known as Rue d''Allemagne.', 0, 1), (15, 'Bolivar', 9, 'Bolivar is one of the many "Cultural" stations on the Paris network. This one is dedicated to the life and work of Simon Bolivar.', 0, 1), (16, 'Buttes Chaumont', 9, 'This is one of the deepest stations on the network, with the platforms being 28.7 metres below surface level. This section of line was quite difficult to construct, as this area was used for gypsum excavations, and the tunnels had to be constructed in the huge caverns left behind.', 0, 1), (17, 'Botzaris', 9, 'This station divides the line and marks the start of the Pré Saint-Gervais loop.', 0, 1), (18, 'Place des Fêtes', 9, 'Although this station is on the loop, it has two platforms - why? It was originally planned for there to be a through service from Louis Blanc on Line 7bis to Gambetta on Line 3bis. The connection between these two lines was made via a single-track line leaving from this station, through the unopened station of Haxo, and onwards to Porte des Lilas. This idea was abandoned in 1921 and the line is nowadays used to stable trains.', 0, 1), (19, 'Pré Saint-Gervais', 9, 'This station also has two platforms, one of which is always occupied by stabled trains. This platform was also part of the plan to connect Line 3bis and Line 7bis, and the right-hand platform is connected directly to Porte des Lilas. This line is also called the "Navette" line, since it was used from 1952 to 1956 to test the Pneumatic stock on a limited-availability shuttle from Porte des Lilas to Pré Saint-Gervais.', 0, 1), (20, 'Danube', 9, 'As with most of the stations on this line, this was built in the huge caverns left behind by the gypsum excavations. Solid ground is in fact 30m below the platforms - the entire station is built on 30m-high columns, with nothing but void beneath the rails! This station also has another platform on the right, but access to it has been closed to the public. It is connected to the Pré Saint-Gervais "Navette" line.', 0, 1), (21, 'Pont de Levallois - Bécon', 3, 'The northern end of Line 3 still has the old-style raised tiles surrounding the advertising posters. In many modern stations, these are simulated by actually printing them onto the poster.', 0, 1), (22, 'Anatole France', 3, 'This station has a very akward layout - one platform is visibly shorter than the other and the train actually accelerates through the station before reaching the tunnel. Much like with Liège, this is due to the road configuration above. When the first lines were built, the CMP did not have the technology to excavate under buildings, and so had to follow the roads.', 0, 1), (23, 'Louise Michel', 3, 'Renamed in 1946 from Vallier. This station was also renovated in the 1960s.', 0, 1), (24, 'Porte de Champerret', 3, 'Porte de Champerret used to be Line 3''s terminus from 1911 to 1937, when the extension to Pont de Levallois was completed. The two external platforms still lead to the now unused loop.', 0, 1), (25, 'Pereire', 3, 'This station''s renovation is in the style of an experiment conducted in 1997 to improve lighting, but keep the original white CMP tiling. The style was first tested at Saint-Ambroise.', 0, 1), (26, 'Wagram', 3, 'A rather dark and austere station, Wagram has a certain mysterious and subdued atmosphere to it.', 0, 1), (27, 'Malesherbes', 3, 'Renovated in the same style as Pereire on this line, it is still missing its roof tiles at the time this station was visited.', 0, 1), (28, 'Villiers', 3, 'Villiers a station typical of the renovation work carried out in the 1960s. The station nameplates are still there, too.', 0, 1), (29, 'Europe', 3, 'This is one of the so-called "cultural" stations on the network, specially themed to promote Europe. The station features screens showing short films on various aspects of European life and culture. At the time these photos were taken, the films were introducing the new European member states.', 0, 1), (30, 'Saint-Lazare', 3, 'As can be noted from the steel girders on the roof, this station was built using the "cut-and-cover" method, whereby the road is dug up, the station built inside the hole, then the road resurfaced over the station.', 1, 1), (31, 'Havre Caumartin', 3, 'Another cut-and-cover station, Havre Caumartin sports one of the new renovation styles used from 1974 onwards, whereby every station had its own colour scheme. This station''s is yellow.', 0, 1), (32, 'Opéra', 3, 'As with the previous four stations, this is a cut-and-cover-built station, with the 1974 renovation style.', 0, 1), (33, 'Quatre-Septembre', 3, 'This station has a rather peculiar design. Many stations with this kind of lighting have it directed upwards, towards the vault, but in Quatre Septembre''s case, the tiles have been removed and the roof plastered.', 0, 1), (34, 'Bourse', 3, 'An amalgamation of 60s and 70s styling, this station has recently been renovated - note the new-style upper-case station-name plates.', 0, 1), (35, 'Sentier', 3, 'Another station renovated in the 1990s, the lighting is no longer covered and appears to give the station a brighter air.', 0, 1), (36, 'Réaumur - Sébastopol', 3, 'Known as Rue Saint-Denis until 1907, this station contains panels showing pages from old newspapers along the entire length of the walls.', 0, 1), (37, 'Arts et Métiers', 3, 'Less impressive than its Line 11 cousin, this station does nontheless sport the 1987 "Oui-Dire" style with its downwards-facing white lighting and vault-facing rainbow lighting.', 0, 1), (38, 'Temple', 3, 'A standard "Saint-Ambroise"-style station, but perhaps not as bright as a standard "Saint-Ambroise" station should be.', 0, 1), (39, 'République', 3, 'The "Oui-Dire" style developed in 1987 really helps to banish gloom from the Paris Metro, as we can see here.', 0, 1), (40, 'Parmentier', 3, 'Parmentier is one of the network''s "Cultural" stations. This one is dedicated to agriculture - hence the garden trellises all around the walls. Displays show information and history about the potato, and all of the seats in this station come from tractors.', 0, 1), (41, 'Rue Saint-Maur', 3, 'A 1980s renovation with no particular redeeming features.', 0, 1), (42, 'Père Lachaise', 3, 'This station, apart from being a cut-and-cover 1974-renovated station is that this was also the site of one of the metro''s own power stations. It has however since been demolished.', 0, 1), (43, 'Gambetta', 3, 'At first glance this station seems impossibly long - why the need for such a long platform if it is all fenced off? The answer lies in the past: this is not the original station of Gambetta. When it was decided to cut the Porte des Lilas branch line off, the existing Gambetta station was not in alignment with the proposed route. It was therefore decided to merge the existing station of Martin Nadaud into Gambetta and continue from there on. Therefore the fenced-off section is actually Martin Nadaud''s old platforms.', 4, 1), (44, 'Porte de Bagnolet', 3, 'A renovation style which focuses on the platforms, leaving the vault unlit. This style of station design was not popular and most of the stations in this style are being phased out.', 0, 1), (45, 'Gallieni', 3, 'Gallieni is the location of the international coach terminal, and has been the eastern terminus of the line since April 2nd 1971. This is one of the stations on the line to have 105m long platforms, and has an inspection pit clearly visible on the left-most track. This is because most maintenance and stabling is conducted in the stations themselves. At night-time, most trains do not return to the depot, but are instead "parked" along certain tunnels and stations along the route.', 0, 1), (46, 'Charles de Gaulle - Étoile', 7, 'Although technically the line''s terminus, the fact that this station is on a single-track loop means that trains cannot linger for very long. Passengers alight on the left, and board from the right. After a few seconds, a buzzer sounds and the driver proceeds to Kléber, where the train stops for several minutes. Until 1970, this station was simply called Étoile.', 0, 1), (47, 'Kléber', 7, 'The real terminus of the line, this station used to have only two tracks before Line 6 was converted to rubber tyre operation. This station was renovated in the  1970s, using a modified version of the "Mouton-Duvernet" style.', 0, 1), (48, 'Boissière', 7, 'The most modern 1997 "Saint-Ambroise" style of lighting with white tiles certainly helps to remove the gloom from the old stations on the network.', 0, 1), (49, 'Trocadéro', 7, 'A good example of the renovation style first tested at Mouton-Duvernet in 1969. The station''s tiles were removed and replaced by these flat red and orange ones.', 0, 1), (50, 'Passy', 7, 'A charming little station, Passy has the peculiarity of being half-underground and half in the open. In fact the Bir-Hakeim bridge starts here, and spans the Seine for 230 metres. This bridge offers one of the best views of the Eiffel Tower in Paris!', 0, 1), (51, 'Bir-Hakeim', 7, 'The station most used by visitors wishing to see the Eiffel Tower, this is the first station on Line 6''s viaduct route. Connected to the Bir-Hakeim bridge, this station used to be called Grenelle until 1949.', 0, 1), (52, 'Dupleix', 7, 'One of the typical open-air stations on Line 6''s viaduct.', 0, 1), (53, 'La Motte-Picquet - Grenelle', 7, 'The station was called just La Motte-Piquet until 1913, just 7 years after it opened. It offers an interchange with Lines 8 and 10, although the Line 6 platforms are the only ones above ground.', 5, 1), (54, 'Cambronne', 7, 'Another typical viaduct station, beautiful views of the surrounding Paris rooftops can be observed from the ends of the platforms.', 0, 1), (55, 'Sèvres-Lecourbe', 7, 'Renamed from Rue de Sèvres in 1913, this is the last station on a viaduct before the track drops underground for Pasteur.', 0, 1), (56, 'Pasteur', 7, 'One of the network''s "Cultural" stations, Pasteur has displays about health, disease and hygiene. In keeping with the clinical theme, the displays have blue lights, similar to the antibacterial irradiators in hospitals. Lights also line the platform edge, turning orange as the train progresses along the platform.', 6, 1), (57, 'Montparnasse - Bienvenüe', 7, 'Originally two separate stations (Line 6 stopped at Bienvenüe), they were merged in 1940, after the construction of a connecting corridor. The station''s style is "Mouton-Duvernet", and has distinctive orange and red tiles halfway up the walls.', 7, 1), (58, 'Edgar Quinet', 7, 'A classic-style station, although Line 4 runs almost alongside Line 6 here, there is no further connection until Raspail.', 0, 1), (59, 'Raspail', 7, 'A rare example of a cross-platform interchange station (with Line 4), this station also features a 1970s "Mouton-Duvernet" style, with orangey-yellow tiles and block lighting.', 0, 1), (60, 'Denfert-Rochereau', 7, 'An example of the 1980s "Motte-Andreu" style, with colour-coordinated lighting fixtures, seating and highlights. The tiling work is showing its age however, and the overall atmosphere is not as bright as it could be.', 0, 1), (61, 'Saint-Jaques', 7, 'Saint-Jacques is an external station, but it is only just below street-level. This station has a rather peculiar trait: it does not feature any advertising whatsoever. This was decided by the local residents, who also wanted the bare walls of the station to be visible.', 0, 1), (62, 'Glacière', 7, 'Once again Line 6 heads out onto a viaduct, cutting through the Parisian streets. Views of the tree-lined avenue can be seen from either end of the platform.', 0, 1), (63, 'Corvisart', 7, 'Although the interior of the station is similar to all other viaduct stations on Line 6, Corvisart has a glass canopy over the entrace to the station, giving it and older and more refined look.', 0, 1), (64, 'Place d''Italie', 7, 'Line 6 briefly dips underground again for Place d''Italie. The entire section from this station to Étoile used to be controlled by Line 5. When Line 5 got too long, it was cut short at Place d''Italie and Line 6 took its place.', 0, 1), (65, 'Nationale', 7, 'Once again back out in the open, Nationale is a typical open-air station on the Line 6 viaduct.', 0, 1), (66, 'Chevaleret', 7, 'The RATP have decided to use Chevaleret as a sort of experiment to test new design ideas for the open-air viaduct stations. So far, improved lighting has been installed, highlighting certain parts of the support structure, generally improving the mood.', 0, 1), (67, 'Quai de la Gare', 7, 'Another quick stop on the viaduct, this station is located across the river from the nearby main-line train station.', 0, 1), (68, 'Bercy', 7, 'Recently cleaned and renovated, Bercy at first glance does not seem to be any different from a "classic" style métro station. However, look at the lighting: it is a modern, snake-like style, not used anywhere else on the network... apart from Line 14. And of course, Bercy is an interchange station with Line 14!', 3, 1), (69, 'Dugommier', 7, 'Known as Charenton before 1939. This station recently received modern "Saint-Ambroise" lighting fixtures, giving the station a more pleasing atmosphere.', 0, 1), (70, 'Daumesnil', 7, 'Another example of "Motte-Andreu" styling in full force. Nowadays however it looks very dated.', 0, 1), (71, 'Bel-Air', 7, 'A strange situation: before and after the station, the line is in a tunnel, rising  out into the open just for the station. Why? Underneath the station ran a railway line connected to Bastille. This line stopped operating in 1969.', 0, 1), (72, 'Picpus', 7, 'This station was renamed from Saint-Mandé in 1937, and nowadays features modern 1997-style lighting.', 0, 1), (73, 'Nation', 7, 'Line 6''s current terminus. Just like Charles de Gaulle - Étoile, this one is on a loop. However, unlike Étoile, this loop has two tracks, enabling trains to rest in this station. During quiet periods, the trains simply reverse back towards Picpus instead of running the loop (which will be used for stabling if this is the case).', 0, 1), (74, 'Boulogne - Pont de Saint-Cloud', 12, 'This is the newest station on the line, having been opened along with the extension from Boulogne - Jean Jaurès on the 2nd of October, 1981. This station is also one of only two where the tracks terminate immediately. There is just a single island platform, and both tracks are equipped with buffers.', 0, 1), (75, 'Boulogne - Jean Jaurès', 12, 'This somewhat boxy station only got to be the western terminus of the line for just under a year. It opened on the 3rd of October, 1980, as an extension from Porte d''Auteuil. Because it is situated just after a loop, alighting passengers come from the northern section of the loop, but departing passengers head towards the southern section.', 0, 1), (76, 'Michel-Ange - Molitor', 12, 'At first glance this seems like a very normal station - one platform, two tracks. However, since it is placed on the now unused Line 10 loop, only one track is normally used. The other leads to the loop, and until 1994, was used regularly as some trains ran the loop, others continued to Boulogne. Even today, it is occasionally used by trains entering or leaving service and hence it remains fully accessible.', 0, 1), (77, 'Chardon Lagache', 12, 'One platform, one track. A very uncommon layout for the Métro, but a necessary one for a loop. Of interest is the tunnel to the west: illuminated and extra-wide, it is possible see far down along it.', 0, 1), (78, 'Mirabeau', 12, 'This is one station most people have heard about. Although the line does not actually divide until after the station, only the Eastbound trains stop here. The Westbound trains have to tackle the ramp which leads to Église d''Auteuil. The ramp had to be constructed inside the station because there was no other way to get the trains to climb up to the next station in time otherwise. While waiting for your train here, it is often fun to look out for tourists on the Westbound trains who misread the map and are wondering why a station is sailing by them!', 0, 1), (79, 'Javel - André Citroën', 12, 'Situated beneath the André Citroën park, this station is dedicated to both the bleach-producing town and the car designer (Javel and Citroën respectively). This station has recently received new, brighter lighting and interestingly does indeed smell faintly of cleaning products!', 0, 1), (80, 'Charles Michel', 12, 'A recently renovated example of a station similar to the 1980s "Motte-Andreu" style, with blue being this stations'' colour scheme. Note the girders on the roof, indicating that this is a cut-and-cover station. The panels and lighting were not part of the original style, but the colour-coordination is. This station used to be called Beaugrenelle until 1945.', 0, 1), (81, 'Avenue Émile Zola', 12, 'This station''s boxy appearance gives away its cut-and-cover construction method. Although it does not have an overall style or colour scheme, it uses the painted girders from the "Motte-Andreau" style. This station was named Commerce until 1937.', 0, 1), (82, 'La Motte-Picquet - Grenelle', 12, 'Sporting an orange version of the 1980s "Motte-Andreu" style, this station has a rather intriguing layout. Because of Line 10''s history (this section used to be part of Line 8), La Motte-Piquet - Grenelle has two underground stations for two lines. One large tunnel housing an island platform with two tracks, and two single-platform tunnels, one on top of the other. However, neither Line 10 nor Line 8 stop in the same place! In fact, the island platform hosts Line 10 Eastbound & Line 8 Eastbound, while the two single platforms host Line 10 Westbound on top and Line 8 Southbound below.', 5, 1), (83, 'Ségur', 12, 'A station without much restoration work applied to it, it is still possible to note the old tiles surrounding advertising, giving it a "framed" look.', 0, 1), (84, 'Duroc', 12, 'These particular platforms date from 1937, when the present Line 10 took over from Line 8 on this stretch of track. Since then not much has changed, apart from the tiles being cleaned and the new light fixtures. Also note the tiles surrounding the advertising spaces.', 0, 1), (85, 'Vaneau', 12, 'The modern 1997-style lights are seemingly the only modification this small station has endured over the years. Incidentally, this happens to be the station I used to use when I lived in Paris many years ago...', 0, 1), (86, 'Sèvres - Babylone', 12, 'This station''s old name - Sèvres - Croix Rouge - changed in 1923, reminds us of another ghost station on this line. Between Sèvres and Mabillon, there used to be a station called Croix Rouge. Closed at the outbreak of the Second World War, it was decided not to reopen the station, as its proximity to Sèvres made it useless. What''s strange though is that it used to be the terminus in 1923! Today the station has a unique tile pattern and small temporary exhibitions.', 8, 1), (87, 'Mabillon', 12, 'Opened on the 10th of March, 1925, Mabillon replaced Croix Rouge as the eastern terminus. A standardly-designed station, this has yet to receive updated lighting.', 0, 1), (88, 'Odéon', 12, 'The extension from Mabillon was opened on the 14th of February, 1926. This station was renovated in the 1987 "Oui-Dire" style, with new lighting projecting a rainbow pattern on the roof.', 0, 1), (89, 'Cluny - La Sorbonne', 12, 'Home to the famous University, this station used to be closed from the Second World War right up to February 1988. Before the reopening, it was simply known as Cluny. It was the interchange with the RER Lines B and C which prompted the reopening. Nowadays, it is one of the network''s "Cultural Stations", complete with mosaics on the roof, in the shapes of various birds. Also included are signatures from famous alumni of the University. Also note the third track running through the middle of the station. This is a connection to Line 4 at Odéon, and is not used by trains in service.', 0, 1), (90, 'Maubert - Mutualité', 12, 'A recently renovated station, Maubert - Mutualité''s unique features are the chaser lights on the roof, and the projection spotlights.', 0, 1), (91, 'Cardinale Lemoine', 12, 'A station in the classic métro style - white tiles, tiled station name, and - for now, at least - old lighting.', 0, 1), (92, 'Jussieu', 12, 'Jussieu was opened on the 26th of April, 1931, replacing Porte de Choisy as the terminus. In fact, the section between Jussieu and Porte de Choisy now belongs to Line 7, and on that date Line 10 was re-routed to stop at Jussieu instead. The lighting at Jussieu is from the "Motte-Andreu" style, but does not continue the colour scheme at seat level.', 0, 1), (93, 'Gare d''Austerlitz', 12, 'Gare d''Austerlitz is the current eastern terminus for Line 10. It was opened on the 12th of July, 1939. The tunnel between this station and Jussieu remains one of the longest on the entire network. Just like Jussieu, this station has the red "Motte-Andreu" lighting, but not the extra colour-coordination.', 0, 1), (94, 'Église d''Auteuil', 12, 'This is the first station on the Line 10 loop. After having passed Mirabeau without stopping, the trains halt here, a small station with only one platform and track. The reason for the steep ramp at Mirabeau is simply because the geographical situation here did not allow the station to be built too far underground. This station was named "Wilhem" until perceived connotations towards the German Kaiser led to the renaming in 1921.', 0, 1), (95, 'Michel-Ange - Auteuil', 12, 'Even though this station is right in the middle of the loop, it has two tracks. The reason for this is explained further in the next station, Porte d''Auteuil. Basically, it was originally envisaged that these tracks would host special Line 9 trains heading towards Porte Molitor. Because the other track is permanently fenced-off, only one track is used now.', 0, 1), (96, 'Porte d''Auteuil', 12, 'This station has quite a complex layout and history. Back in the 1920s, the planners of Lines 8, 9 and 10 wanted to build a special station called Porte Molitor, to be used when there were special events at the nearby Parc des Princes stadium. Some trains would be diverted from Line 9 at Jasmin onto the Line 10 loop (although this section of track used to belong to Line 8). From there, they would stop at Michel-Ange - Auteuil, Porte d''Auteuil, and then take the middle track to Porte Molitor. Although the platform exists, no connection to the surface was ever built. In more recent times, this station was the terminus for all Line 10 trains, and would use the leftmost track to travel back down the loop towards Michel-Ange - Molitor. Nowadays all trains use the rightmost track and continue on to Boulogne. The central track leads to the Auteuil depot and the Porte Molitor platform, used only for stabling.', 0, 1), (97, 'Porte de la Chapelle', 14, 'This station became Line 12''s Northern terminus on the 23rd of August, 1916. Vastly different from other métro stations, this station has been restored to keep its old identity - as part of Nord-Sud Line A. The station is decorated with coloured tiles (mostly green because this is a terminus), and the station''s name is similarly spelt out with tiles. The leftmost track also features an inspection pit.', 0, 1), (98, 'Marx Dormoy', 14, 'Renamed from Torcy in 1946, this is an example of 1960s design, in which the station''s original tiles were covered by plastic panels. Since then, new station signs have been installed, but the lighting remains the same. Also note the old Nord-Sud tiles on the vault. They are brown because this is a normal, non-interchange station.', 0, 1), (99, 'Marcadet-Poissonniers', 14, 'This station''s name was simply Marcadet until 1931. This station was renovated in the 1960s, with plastic panelling replacing the tiles. However, since then the station has not received either updated lighting nor new station signs. Note the original Nord-Sud tiles on the vault. Here they are green, signifying that this is an interchange station (with Line 4).', 0, 1), (100, 'Jules Joffrin', 14, 'Jules Joffrin took over from Pigalle as the Northern terminus for Line 12 on the 31st of October, 1912. Although this station follows the tendency for Line 12''s 1960s-style renovation, it uses a very different colour from the rest of the line. The Nord-Sud tiling on the vault is in bad need of repair.', 0, 1), (101, 'Lamarck - Caulaincourt', 14, 'A station that has been restored to its previous Nord-Sud identity. Note the tiled station name and the decorations on the roof. The colour scheme in this station is brown, because this is a normal (non-interchange) station.', 0, 1), (102, 'Abbesses', 14, 'Currently undergoing renovation, this station is heavily used by tourists heading to Montmartre and the Sacré Coeur. It is also one of the deepest stations, with access being via elevators.', 0, 1), (103, 'Pigalle', 14, 'One of the old termini of Line 12, it gave up its title on the 8th of April, 1911. A "Motte-Andreu" style station in the default colour of orange, no original Nord-Sud tiles remain.', 0, 1), (104, 'Saint-Georges', 14, 'A station with the recent 1997-style lighting upgrade, and featuring tiled advertising spaces. Although it looks similar to the original Nord-Style which would have existed at this station, this was redone in a CMP style.', 0, 1), (105, 'Notre-Dame-de-Lorette', 14, 'The original Northern terminus when the line opened on the 5th of November, 1910. Nowadays the station is sporting a blue version of the "Motte-Andreu" makeover, but the tiling needs attention.', 0, 1), (106, 'Trinité - d''Estienne d''Orves', 14, 'Much like other stations on Line 12, the only renovation this station has received is the plastic panelling over the tiles, leaving the brown Nord-Sud tiles still on the vault.', 0, 1), (107, 'Saint-Lazare', 14, 'An old station in bad need of repair, as is painfully obvious from the photos. However, this station sports a style of tiled walls not found anywhere else on the network.', 1, 1), (108, 'Madeleine', 14, 'A red "Motte-Andreu" makeover has seen this station lose all of its former Nord-Sud identity.', 2, 1), (109, 'Concorde', 14, 'Concorde is one of the network''s "Cultural" stations. Here, the walls are covered with what appear to be random numbers and letters. In actual fact, the tiles spell out the French version of the Declaration of Human Rights. Also note the park bench-style seating.', 0, 1), (110, 'Assemblée Nationale', 14, 'Renamed from Chambre des Députés in 1989, this is another "Cultural" station. The anonymous silhouettes represent the varied citizens of France.', 0, 1), (111, 'Solférino', 14, 'The station for the nearby Musée d''Orsay remains in its original Nord-Sud condition. Although it has been cleaned, and has received minor attention, the tiling is largely original, including the tiled station names. The colour scheme is brown, denoting a regular station.', 0, 1), (112, 'Rue du Bac', 14, 'A very orange "Motte-Andreu" refurb took place here in 1984, and unfortunately none of the original Nord-Sud tiling remains.', 0, 1), (113, 'Sèvres - Babylone', 14, 'Bright and shiny, the RATP recently rebuilt this station to its former Nord-Sud glory. It''s all here: the green vault patterns (green for an interchange station), the tiled advertising frames, the tiled station name... even the stationmaster''s cabin was remade.', 8, 1), (114, 'Rennes', 14, 'Until recently, this small station was only open for a limited number of hours every day, and was closed on weekends. Today it has no real style and is most likely awaiting renovation.', 0, 1), (115, 'Notre-Dame-des-Champs', 14, 'A lime-green version of the 1960s plastic panel makeover style. Once again, the brown Nord-Sud tiles are still visible on the vault. Also worth of note are the direction tiles over the tunnel''s mouth. Obviously out of date, these refer to the name of the terminus at the time the station was built. Also visible in the third photo is the luminous indicator telling the driver if Rennes is open or closed.', 0, 1), (116, 'Montparnasse - Bienvenüe', 14, 'Originally, the two stations of Montparnasse and Bienvenüe were separate, but they were combined in 1942. The Line 12 platforms were renovated using the 1987 "Oui-Dire" style, with colourful rainbow lighting and green seats.', 7, 1), (117, 'Falguière', 14, 'The 1960s plastic panelling style is in full force at Falguière, with a fetching yellow colour scheme. Because the panels only cover the original Nord-Sud tiles, and not replace them, this was seen as a cheaper option. The tiles indicating the platform''s direction remain over the tunnel mouths. It is easy to see where the line used to stop when the station was originally built.', 0, 1), (118, 'Pasteur', 14, 'Although not as modern as its Line 6 equivalent, Line 12''s platforms nontheless remain faithful to how the station looked like when it first opened. The only incongruous element is the lighting, lifted straight from the "Motte-Andreu" style and does nothing to enhance the station''s looks. The Nord-Sud tiling is green, denoting an interchange station.', 6, 1), (119, 'Volontaires', 14, 'The plastic panelling is back, this time in red for Volontaires. It is good to note that all the original Nord-Sud tiling remains underneath the panelling, largely untouched. The vault tiles remain visible.', 0, 1), (120, 'Vaugirard', 14, 'Another red colour scheme dominates this plastic-panelled Line 12 station. However, unlike most other stations which have undergone this treatment, the original Nord-Sud vault tiles have been removed.', 0, 1), (121, 'Convention', 14, 'A standard plastic-panelled station, this time featuring a light-blue colour scheme. Here the original Nord-Sud vault tiles have been left in place.', 0, 1), (122, 'Porte de Versailles', 14, 'The original Southern terminus for the line when it opened in 1910. This explains its strange layout: one island platform and two tracks for incoming trains from the North, but only one platform and track for outgoing trains. Additionally, the platforms are staggered. In actual fact, this is not how the station was built - the new platforms were built in 1930, just before the extension to Mairie d''Issy. The station has been left with its original Nord-Sud identity. The green tiles once again confirm this used to be a terminus.', 0, 1), (123, 'Corentin Celton', 14, 'Renamed from Petits Ménages in 1945, it is worth noting that this station looks very dissimilar from the rest of the stations on the line. In fact, it was not built by the Nord-Sud company, but by the CMP. Nowadays it features improved 1997-style lighting and tiled advertising spaces.', 0, 1), (124, 'Mairie d''Issy', 14, 'The current Southern terminal for the line, this extension was opened on the 24th of March, 1934. Because this happened after Line 12 was absorbed by the CMP, it features no Nord-Sud tiling, instead sporting a "Oui-Dire" makeover, with rainbow lighting and tiled advertising spaces.', 0, 1), (991, 'TEST St-Denis Université', 15, 'TEST Terminus', NULL, 1), (992, 'TEST Guy Môquet', 15, 'TEST Station after branch', NULL, 1), (993, 'TEST Asnières Gennevilliers', 15, 'TEST Terminus', NULL, 1), (994, 'TEST Brochant', 15, 'TEST Station after branch', NULL, 1), (995, 'TEST La Fourche', 15, 'TEST Branching station', NULL, 1), (996, 'TEST Place de Clichy', 15, 'TEST Continuing station', NULL, 1);
CREATE TABLE IF NOT EXISTS `stations_movements` (`station_id` int(11) NOT NULL, `movement_id` int(11) NOT NULL) ENGINE=InnoDB DEFAULT CHARSET=utf8;
INSERT INTO `stations_movements` (`station_id`, `movement_id`) VALUES (1, 1), (1, 2), (2, 2), (2, 3), (3, 3), (3, 4), (4, 4), (4, 5), (5, 5), (5, 6), (6, 6), (6, 7), (7, 7), (7, 8), (8, 8), (8, 9), (9, 10), (9, 11), (10, 11), (10, 12), (11, 12), (11, 13), (12, 13), (12, 14), (13, 15), (13, 16), (14, 16), (14, 17), (15, 17), (15, 18), (16, 18), (16, 19), (17, 19), (17, 20), (18, 20), (18, 21), (19, 21), (19, 22), (20, 22), (17, 23), (20, 23), (21, 24), (21, 25), (22, 25), (22, 26), (23, 26), (23, 27), (24, 27), (24, 28), (25, 28), (25, 29), (26, 29), (26, 30), (27, 30), (27, 31), (28, 31), (28, 32), (29, 32), (29, 33), (30, 33), (30, 34), (31, 34), (31, 35), (32, 35), (32, 36), (33, 36), (33, 37), (34, 37), (34, 38), (35, 38), (35, 39), (36, 39), (36, 40), (37, 40), (37, 41), (38, 41), (38, 42), (39, 42), (39, 43), (40, 43), (40, 44), (41, 44), (41, 45), (42, 45), (42, 46), (43, 46), (43, 47), (44, 47), (44, 48), (45, 48), (45, 49), (46, 50), (46, 51), (47, 51), (47, 52), (48, 52), (48, 53), (49, 53), (49, 54), (50, 54), (50, 55), (51, 55), (51, 56), (52, 56), (52, 57), (53, 57), (53, 58), (54, 58), (54, 59), (55, 59), (55, 60), (56, 60), (56, 61), (57, 61), (57, 62), (58, 62), (58, 63), (59, 63), (59, 64), (60, 64), (60, 65), (61, 65), (61, 66), (62, 66), (62, 67), (63, 67), (63, 68), (64, 68), (64, 69), (65, 69), (65, 70), (66, 70), (66, 71), (67, 71), (67, 72), (68, 72), (68, 73), (69, 73), (69, 74), (70, 74), (70, 75), (71, 75), (71, 76), (72, 76), (72, 77), (73, 77), (73, 78), (74, 79), (74, 80), (75, 80), (75, 81), (76, 81), (76, 82), (77, 82), (77, 83), (78, 83), (78, 84), (79, 84), (79, 85), (94, 85), (94, 86), (95, 86), (95, 87), (96, 87), (75, 88), (96, 88), (79, 89), (80, 89), (80, 90), (81, 90), (81, 91), (82, 91), (82, 92), (83, 92), (83, 93), (84, 93), (84, 94), (85, 94), (85, 95), (86, 95), (86, 96), (87, 96), (87, 97), (88, 97), (88, 98), (89, 98), (89, 99), (90, 99), (90, 100), (91, 100), (91, 101), (92, 101), (92, 102), (93, 102), (93, 103), (19, 104), (124, 105), (123, 106), (124, 106), (122, 107), (123, 107), (121, 108), (122, 108), (120, 109), (121, 109), (119, 110), (120, 110), (118, 111), (119, 111), (117, 112), (118, 112), (116, 113), (117, 113), (115, 114), (116, 114), (114, 115), (115, 115), (113, 116), (114, 116), (112, 117), (113, 117), (111, 118), (112, 118), (110, 119), (111, 119), (109, 120), (110, 120), (108, 121), (109, 121), (107, 122), (108, 122), (106, 123), (107, 123), (105, 124), (106, 124), (104, 125), (105, 125), (103, 126), (104, 126), (102, 127), (103, 127), (101, 128), (102, 128), (100, 129), (101, 129), (99, 130), (100, 130), (98, 131), (99, 131), (97, 132), (98, 132), (97, 133), (991, 905), (991, 906), (992, 906), (992, 907), (995, 907), (995, 908), (993, 909), (993, 910), (994, 910), (994, 911), (995, 911), (996, 908), (996, 912);
CREATE TABLE IF NOT EXISTS `stocks` (`id` int(11) NOT NULL AUTO_INCREMENT, `name` tinytext NOT NULL, `year` year(4) DEFAULT NULL, `description` text, `pneumatic` tinyint(1) NOT NULL, `automatic` tinyint(1) NOT NULL, PRIMARY KEY (`id`)) ENGINE=InnoDB DEFAULT CHARSET=utf8 AUTO_INCREMENT=1;
CREATE TABLE IF NOT EXISTS `users` (`id` int(10) unsigned NOT NULL AUTO_INCREMENT, `username` varchar(50) NOT NULL, `password` varchar(255) NOT NULL, `admin` tinyint(1) NOT NULL, `created` datetime DEFAULT NULL, `modified` datetime DEFAULT NULL, PRIMARY KEY (`id`)) ENGINE=InnoDB DEFAULT CHARSET=utf8 AUTO_INCREMENT=1;
CREATE TABLE IF NOT EXISTS `sounds` (`id` int(11) NOT NULL AUTO_INCREMENT, `station_id` int(11) DEFAULT NULL, `filename` text NOT NULL, `title` text NOT NULL, `length` time NOT NULL, PRIMARY KEY (`id`)) ENGINE=InnoDB DEFAULT CHARSET=utf8 AUTO_INCREMENT=1;